FirstName,LastName,Email,Gender,Birthday,StreetAddress,LocationTown,LocationCountry,PhoneNumber,DomainName,FavoriteFood,FavoriteHobby,FavoriteSport,FavoriteBook,FavoriteColor,FavoriteMovie,FovoriteTVShow,FavoriteArtist,FavoriteNumber,FavoritePet
Helen,Hall,Helen.Hall@btinternet.com,Female,28/7/1983,Rewe Ave.,Tucson ,United States,547-800-9817,btinternet.com,Toast,Animal Care,Curving,ULYSSES,Aero,About Last Night,The Walking Dead,Maya Deren,140,Ringneck dove
Peter,Thomas,Peter.Thomas@bellsouth.net,Female,19/5/1996,Thomas Street,Palermo,Italy,860-042-9908,bellsouth.net,Garlic,Church Activities,T-ball,THE GREAT GATSBY,Coconut,"Crazy, Stupid, Love",55,Yak
Walter,Thomson,Walter.Thomson@shaw.ca,Male,12/3/1988,Forrest Street,Jerusalem ,Israel,860-042-9908,shaw.ca,Dates,Golf,Twenty20,A PORTRAIT OF THE ARTIST AS A YOUNG MAN,Copper,Side Effects,The Walking Dead,Bruno Mars,106,Chicken
Carol,Ward,Carol.Ward@yahoo.co.uk,Male,19/5/1996,Ferry Street,Sudbury ,Canada,205-145-4078,yahoo.co.uk,Cashew,Walking,Bucketball,LOLITA,Copper,Last Vegas,Suits,Julia Roberts,132,Duck
Dorothy,Benton,Dorothy.Benton@rediffmail.com,Female,20/3/1989,Barlette Ave.,Ho Chi Minh City ,Vietnam,520-684-0558,rediffmail.com,Pizza,Watching TV,Baseball,BRAVE NEW WORLD    ,Blueberry,The LEGO Movie,The Simpsons,Carrie Underwood,51,Hamster
Gary,Sanchez,Gary.Sanchez@yahoo.com,Female,1/5/1975,Bond Ave.,Lausanne ,Switzerland,456-057-8752,yahoo.com,Macaroni,Boating,Model aircraft,THE SOUND AND THE FURY,White,Her,Black Sails,Sam Smith,59,Snacke
Sharon,Simmons,Sharon.Simmons@hotmail.co.uk,Female,8/8/1973,Lake street,Concord ,United States,231-450-1015,hotmail.co.uk,Eggs,Sleeping,Mountain unicycling,CATCH-22,Dirt,The Nut Job,Falling Skies,Ed Sheeran,102,Snacke
Walter,Simmons,Walter.Simmons@shaw.ca,Male,14/12/1970,School Lane,Mendoza ,Argentina,750-456-4052,shaw.ca,Chocolate,Reading,Tennis,DARKNESS AT NOON,Blond,Tangled,Sesame Street,Michael Jackson,35,Fish
Michelle,West,Michelle.West@rediffmail.com,Male,1/5/1975,Campuse Road,Mendoza ,Argentina,456-057-8752,rediffmail.com,Ice cream,Renting Movies,Model aircraft,SONS AND LOVERS   ,Cyan,Tangled,Friends,Pink Floyd,53,Iguana
Robert,Parker,Robert.Parker@hotmail.co.uk,Male,7/8/1994,Foster Drive,Tokushima ,Japan,860-214-5755,hotmail.co.uk,Corn,Cooking,Wrestling,THE GRAPES OF WRATH   ,Ecru,Lone Survivor,Survivor,Taylor Swift,33,Sheep
Cynthia,Kelly,Cynthia.Kelly@comcast.com,Male,12/12/1974,King Street,'Sana''a ',Yemen,510-105-4509,comcast.com,Asparagus,Church Activities,Snowboarding,UNDER THE VOLCANO    ,Black Olive,White House Down,Community,Lady Gaga,24,Goat
Cynthia,Martin,Cynthia.Martin@verizon.net,Female,10/10/1982,Polar Ave.,Tokushima ,Japan,800-540-5680,verizon.net,Zucchini,Crafts,Vigoro,THE WAY OF ALL FLESH,Cyan,12 Years a Slave,White Collar,Ariana Grande,144,Cattle
Frank,Williams,Frank.Williams@earthlink.net,Male,2/9/1969,Ocean Ave.,Toulouse ,France,860-042-9908,earthlink.net,Spinach,Listening to Music,Curving,"I, CLAUDIUS   ",Light brown,Brave,One Upon a Time,5,Mantis
John,Williams,John.Williams@verizon.net,Female,21/3/1984,Ross Street,Mamoudzou ,France,800-778-4050,verizon.net,Coffee,Swimming,Test Cricket,TO THE LIGHTHOUSE,Amber,Pitch Perfect,NCIS:Los Angeles,Nicolas Carone,51,dog
Betty,Thomson,Betty.Thomson@yahoo.co.in,Female,8/8/1973,Ross Street,Yamaguchi ,Japan,750-456-4052,yahoo.co.in,Pizza,Camping,Slamball,AN AMERICAN TRAGEDY    ,Hezel,RoboCop,Pretty Little Liars,Carrie Underwood,76,Snacke
Karen,Ramos,Karen.Ramos@rediffmail.com,Male,21/3/1984,Furman Ave.,Tokushima ,Japan,205-145-4078,rediffmail.com,English muffine,Golf,Windsurfing,THE HEART IS A LONELY HUNTER    ,Carmine,White House Down,The Wire,Adele,44,Guppy
Donna,Robinson,Donna.Robinson@earthlink.net,Female,5/17/1990,Beach Place Ave.,Tainan ,Taiwan,456-420-4087,earthlink.net,Cashew,Family Time,Fastnet,SLAUGHTERHOUSE-FIVE   ,Avocado,Three Days to Kill,Parks and Recreation,Mariah Carey,8,Poultry
Christine,Perez,Christine.Perez@sbcglobal.net,Female,1/1/1980,Hill Street,Isfahan ,Iran,860-954-9923,sbcglobal.net,Coffee,Dating Online,Snowboarding,INVISIBLE MAN   ,Amber,White House Down,The Walking Dead,Lana Del Rey,77,Canary
Mary,Lopez,Mary.Lopez@sbcglobal.net,Female,14/1/1973,Billings Street,Kristiansand ,Norway,800-125-1247,sbcglobal.net,Bread,Dancing,Skimboarding,NATIVE SON    ,Cream,Moneyball,The Americans,Adele,10,Bee
Ashley,Brown,Ashley.Brown@rediffmail.com,Male,9/1/1977,Ferry Street,Port Hedland ,Australia,542-205-5089,rediffmail.com,Coffee,Beach,Aerobatics,HENDERSON THE RAIN KING,Amazon,'Time''s Vermeer',Hart of Dixie,Rihanna,40,Gerbil
Christine,Kim,Christine.Kim@sbcglobal.net,Male,14/1/1973,Billings Street,Hiroshima ,Japan,124-542-5246,sbcglobal.net,BBQ,Entertaining,Wheelchair Basketball,APPOINTMENT IN SAMARRA  ,Black,"Crazy, Stupid, Love",13,Rabbit
Laura,Cooper,Laura.Cooper@hotmail.co.uk,Female,2/1/1990,Polar Ave.,'Sana''a ',Yemen,547-685-9874,hotmail.co.uk,Goose,Working on Cars,Slamball,U.S.A.(trilogy)   ,Gray,"Crazy, Stupid, Love",92,Duck
Walter,Cook,Walter.Cook@cox.net,Male,20/3/1989,Thomas Street,Ho Chi Minh City ,Vietnam,860-215-5126,cox.net,Salmon,Crafts,Fistball,"WINESBURG, OHIO    ",Colar,X-Men:First Class,The Bold and the Beautiful,93,Livestock
Edward,Martin,Edward.Martin@yahoo.co.uk,Female,9/10/1982,Forrest Street,Chiba ,Japan,452-504-9652,yahoo.co.uk,Bread,Cooking,Valleyball,A PASSAGE TO INDIA    ,red,Philomena,NCIS,Julia Roberts,126,Hermit crab
Benjamin,Johnson,Benjamin.Johnson@hotmail.com,Male,13/7/1970,Highland Boulvard,Ciudad Juárez ,Mexico,556-247-4400,hotmail.com,Salmon,Fishing,Valleyball,THE WINGS OF THE DOVE,Bistro,Gravity,Friends,Sam Smith,87,Turtle
Laura,Sanchez,Laura.Sanchez@comcast.com,Female,18/2/1991,Vernon Ave.,Portsmouth ,United Kingdom,840-754-4589,comcast.com,Clam,Team Sports,Aerobatics,THE AMBASSADORS    ,Cherry,The Nut Job,Hart of Dixie,Lady Gaga,43,Turtle
Donna,Miller,Donna.Miller@comcast.com,Female,12/5/1988,State Street,Bangalore ,India,987-504-5807,comcast.com,dip,Running,Peteca,TENDER IS THE NIGHT    ,Carmine,Pitch Perfect,The big Banh Theory,Lil Wayne,144,Ringneck dove
Karen,Michell,Karen.Michell@sbcglobal.net,Male,21/3/1984,Central Ave.,Arequipa ,Peru,800-540-5680,sbcglobal.net,Toast,Crafts,Peteca,THE STUDS LONIGAN TRILOGY    ,Colar,Tangled,Pretty Little Liars,Jennifer Lopez,10,Canary
Nicole,Parker,Nicole.Parker@yahoo.co.in,Male,28/10/1977,School Lane,Ljubljana ,Slovenia,800-459-4599,yahoo.co.in,Mushroom,Computer,Baton Twirling,THE GOOD SOLDIER    ,Antique Bronze,'Time''s Vermeer',Supernatural,Lady Gaga,141,Lizard
Karen,Bell,Karen.Bell@hotmail.co.uk,Female,21/12/1989,Lincoln Ave.,Pune ,India,860-489-1579,hotmail.co.uk,Sushi,Socializing,Beach Basketball,ANIMAL FARM    ,Purple,Last Vegas,Supernatural,Nicki Minaj,144,hedgehog
Karen,Miller,Karen.Miller@ntlworld.com,Male,7/8/1994,Oxford Walk,Sendai ,Japan,860-042-9908,ntlworld.com,BBQ,Beach,Netball,THE GOLDEN BOWL    ,Amber,'Burt''s Buzz',The Wire,Bruno Mars,72,Turtle
Joshua,Bell,Joshua.Bell@yahoo.co.in,Male,20/3/1989,Apollo Street,Sendai ,Japan,860-489-1579,yahoo.co.in,Eggs,Sleeping,Gliding,SISTER CARRIE    ,China Pink,Capital,Arrow,Matt Damon,85,Mouse
James,Hall,James.Hall@yahoo.co.uk,Male,14/1/1973,Bank Street,Novosibirsk ,Russia,458-105-5098,yahoo.co.uk,Asparagus,Tennis,Sipa,A HANDFUL OF DUST    ,Light brown,Winter Tale,Scandal,Brad Pitt,8,Mouse
Walter,Edwards,Walter.Edwards@verizon.net,Male,2/1/1990,Beverley Ave.,Quito ,Ecuador,456-052-1459,verizon.net,Salmon,Volunteer Work,Rock Climbing,AS I LAY DYING    ,Avocado,'Burt''s Buzz',The Bold and the Beautiful,Iggy Azalea,141,White cockatoo
John,Edwards,John.Edwards@yahoo.ca,Male,2/6/1990,Furman Ave.,Taizhong ,Taiwan,800-778-4050,yahoo.ca,Garlic,Running,T-ball,ALL THE KING’S ME    ,Brown,Nebraska,Glee,Justin Bieber,53,Goat
Rian,Webb,Rian.Webb@hotmail.co.uk,Female,4/3/1988,Lincoln Ave.,Thiès ,Senegal,205-145-4078,hotmail.co.uk,Asian Noodle,Dancing,Pole Climbing,THE BRIDGE OF SAN LUIS REY    ,Ball Blue,'She''s the Man',The Walking Dead,Adele,14,Ringneck dove
Christine,Young,Christine.Young@shaw.ca,Male,18/9/1986,Grand Street,Saipan ,United States,203-542-5574,shaw.ca,Cashew,Hunting,Skateboarding,HOWARDS END,Bistro,Pitch Perfect,Falling Skies,Carrie Underwood,7,Horse
Sandra,Jones,Sandra.Jones@btinternet.com,Male,12/3/1988,Eagle Street,Ipoh ,Malaysia,452-504-9652,btinternet.com,Mushroom,Sleeping,Air racing,GO TELL IT ON THE MOUNTAIN,Orange,Monsers University,Castle,George Clooney,7,Moose
Jose,Benton,Jose.Benton@charter.net,Male,5/12/1970,Highland Boulvard,Sydney ,Australia,547-800-9817,charter.net,Pork,Gardening,Surfing,THE HEART OF THE MATTER,Avocado,Three Days to Kill,Arrow,Brad Pitt,118,Yak
Robert,Lee,Robert.Lee@shaw.ca,Female,2/9/1969,School Lane,Riga ,Latvia,456-052-1459,shaw.ca,Dates,Watching Sports,Sipa,LORD OF THE FLIES   ,Coffee,'We''re Millers',Salem,Carrie Underwood,72,Donkey
Michael,Brown,Michael.Brown@rediffmail.com,Female,10/5/1989,Morton Street,Nicosia ,Cyprus,542-875-9099,rediffmail.com,Apple,Cooking,Baton Twirling,DELIVERANCE   ,Black,About Last Night,The Mentalist,Madonna,112,Snail
Paul,Johnson,Paul.Johnson@rediffmail.com,Female,18/6/1990,School Lane,Santiago ,Chile,458-542-5623,rediffmail.com,Ziti,Relaxing,Skysurfing,A DANCE TO THE MUSIC OF TIME (series),Aero,Repetance,How I Met Your Mother,Banksy,77,Dog
Andrew,Williams,Andrew.Williams@yahoo.co.uk,Male,19/5/1996,Cass Place,Tokushima ,Japan,458-542-5623,yahoo.co.uk,Honey,Computer,Vigoro,POINT COUNTER POINT,Coffee,The Pretty One,The Good Wife,Banksy,150,Snacke
Jose,Sanchez,Jose.Sanchez@yahoo.co.in,Male,7/8/1994,Nelson Ave.,Punta Arenas ,Chile,542-562-8719,yahoo.co.in,Eggs,Playing Cards,Valleyball,THE SUN ALSO RISES,Bistro,Side Effects,One Upon a Time,Nicolas Carone,24,Snacke
David,Kim,David.Kim@cox.net,Female,7/8/1994,Polar Ave.,Ho Chi Minh City ,Vietnam,542-875-9099,cox.net,Broccoli,Writing,Air racing,THE SECRET AGENT,Blueberry,12 Years a Slave,The Americans,Celine Dion,142,Deer
Rian,Martin,Rian.Martin@charter.net,Female,28/7/1983,Grand Street,La Paz ,Bolivia,890-457-4783,charter.net,Gumbo,Billiards,Wireball,NOSTROMO,Copper,Moneyball,'Marvel''s Agents of S.H.I.E.L.D',Rihanna,57,Frog
Ashley,Jackson,Ashley.Jackson@yahoo.co.in,Male,12/1/1973,Thomas Street,Taizhong ,Taiwan,980-754-0489,yahoo.co.in,Avocaso,Listening to Music,Bucketball,THE RAINBOW,Deer,Magic Mike,NCIS:Los Angeles,50 cent,70,Yak
Edward,Williams,Edward.Williams@aol.com,Male,13/7/1970,Varet Ave.,Nuorgam ,Finland,231-450-1015,aol.com,Hash Brown,Sewing,Gliding,WOMEN IN LOVE,Amber,Dumb and Dumber,Criminal Minds,Taylor Swift,87,Yak
Laura,Wright,Laura.Wright@aol.com,Female,19/5/1996,Varet Ave.,Palermo, Italy,145-542-4568,aol.com,Spinach,Sleeping,Skateboarding,TROPIC OF CANCER,Light brown,12 Years a Slave,The Simpsons,Chris Brown,33,Snail
Carol,Sanchez,Carol.Sanchez@bellsouth.net,Male,5/17/1990,Blake Street,Beirut ,Lebanon,800-459-4599,bellsouth.net,Pepperoni,Painting,Streetball,HE NAKED AND THE DEAD,Ecru,Repetance,Game of Thrones,Lady Gaga,11,Iguana
David,Thomson,David.Thomson@shaw.ca,Female,8/8/1973,Brown Street,Kismayo ,Somalia,800-125-1247,shaw.ca,Celery,Crafts,Scootering,PORTNOY’S COMPLAINT,Dirt,Lone Survivor,<odern Family,Jennifer Lopez,5,Pigeon
Justin,Hall,Justin.Hall@rediffmail.com,Male,9/1/1977,Auburn Street,Swansea ,United Kingdom,542-875-9099,rediffmail.com,Lamb,Eating Out,Peteca,PALE FIRE,Apricot,August:Ostage County,NCIS:Los Angeles,Jason Aldean,7,Canary
Helen,Harris,Helen.Harris@hotmail.com,Female,1/1/1980,York Street,Sydney ,Australia,980-754-0489,hotmail.com,Pork,Renting Movies,Tennis,LIGHT IN AUGUST,Alice Blue,That Akward Moment,Scandal,Rihanna,141,Duck
Robert,Brown,Robert.Brown@rediffmail.com,Male,13/7/1970,Varet Ave.,Lusaka ,Zambia,231-450-1015,rediffmail.com,Almond,Family Time,Tennis,ON THE ROAD,Blush,X-Men:First Class,Pretty Little Liars,Jason Aldean,38,Maine Coon Kitten
Linda,carter,Linda.carter@cox.net,Female,12/1/1973,Blake Street,Utsjoki ,Finland,840-754-4589,cox.net,Coffee,Computer,Wheelchair Basketball,THE MALTESE FALCON,Apricot,X-Men:First Class,'Marvel''s Agents of S.H.I.E.L.D',Paul McCartney,114,Alpaca
Charles,Johnson,Charles.Johnson@shaw.ca,Female,9/4/1979,Beverley Ave.,Fairbanks ,United States,789-840-4026,shaw.ca,Honey,Skiing,Streetluge,PARADE’S END,Denim,Gravity,Game of Thrones,Elvis Presley,28,Turtle
Dorothy,Kim,Dorothy.Kim@bellsouth.net,Female,8/10/1984,Foster Drive,Concepción ,Chile,549-980-9118,bellsouth.net,Pepperoni,Camping,Valleyball,THE AGE OF INNOCENCE,Blue,Capital,Falling Skies,Maya Deren,31,Cat
Michelle,Webb,Michelle.Webb@rediffmail.com,Male,10/10/1982,Garden Ave.,Minsk ,Belarus,890-457-4783,rediffmail.com,Beef,Writing,Surfing,ZULEIKA DOBSON,Cherry,Rise of an Empire,Person of Interest,Jennifer Lopez,27,White cockatoo
Betty,Gomez,Betty.Gomez@verizon.net,Male,10/5/1989,Lake street,Santa Cruz de Tenerife ,Spain,860-215-5126,verizon.net,Bacon,Playing Cards,Wireball,THE MOVIEGOER,Folly,Froze,The Originals,Madonna,29,Gecko
Joshua,Simmons,Joshua.Simmons@verizon.net,Female,14/11/1986,Arion Street,Bujumbura ,Burundi,860-042-9908,verizon.net,English muffine,Cooking,Sipa,DEATH COMES FOR THE ARCHBISHOP,Cream,12 Years a Slave,Supernatural,Ariana Grande,142,Cat
Lina,Taylor,Lina.Taylor@charter.net,Male,5/17/1990,Stony Lane,Wakkanai ,Japan,456-125-4580,charter.net,Ice cream,Renting Movies,Test Cricket,FROM HERE TO ETERNITY,Green,Froze,The Tomorrow People,Elton John,14,Fish
Frank,Parker,Frank.Parker@sbcglobal.net,Male,18/9/1986,Thomas Street,Chiba ,Japan,510-105-4509,sbcglobal.net,Chocolate,Theater,Water Basketball,THE WAPSHOT CHRONICLES,Orange,American Hustle,'Grey''s Anatomy',kenny Chesney,62,Lizard
Thomas,carter,Thomas.carter@sbcglobal.net,Male,10/5/1989,Madison Street,Split ,Croatia,208-895-4319,sbcglobal.net,Lamb,Crafts,T-ball,THE CATCHER IN THE RYE,Ball Blue,'We''re Millers',Pretty Little Liars,Justin Bieber,49,Rose-ringed parakeet
Laura,Lopez,Laura.Lopez@gmail.com,Male,18/11/1976,Bay Street,Minsk ,Belarus,205-145-4078,gmail.com,Goose,Animal Care,Bucketball,A CLOCKWORK ORANGE,Ball Blue,'We''re Millers',Friends,Jennifer Lopez,136,Rabbit
Carol,Harris,Carol.Harris@cox.net,Male,18/9/1980,Furman Ave.,Hong Kong ,China,205-145-4078,cox.net,Honey,Watching TV,Streetball,OF HUMAN BONDAGE,Dark Blue,The Dark Knight Rises,The Bold and the Beautiful,Henry Matisse,81,Pigeon
John,Wilson,John.Wilson@earthlink.net,Male,18/2/1991,Campuse Road,Jeddah ,Saudi Arabia,860-254-147,earthlink.net,Ice cream,Dancing,Test Cricket,HEART OF DARKNESS,Dirt,The Croods,Community,Nicki Minaj,115,Hermit crab
Sandra,Parker,Sandra.Parker@yahoo.com,Female,10/10/1982,Lincoln Ave.,Shigatse ,China,456-057-8752,yahoo.com,Balck beans,Eating Out,Baseball,MAIN STREET,Yellow,Lone Survivor,Suits,Banksy,119,Maltese puppy
Jason,Harris,Jason.Harris@yahoo.co.in,Female,12/5/1988,Chester Ave.,Shigatse ,China,203-604-7821,yahoo.co.in,Ziti,Socializing,Valleyball,THE HOUSE OF MIRTH,Colar,Pitch Perfect,The Mentalist,Meghan Trainor,15,dog
Jason,Ramos,Jason.Ramos@aol.com,Male,24/9/1980,Bay view Street,Rochester ,United States,800-125-1247,aol.com,Tea,Sleeping,Fistball,THE ALEXANDRIA QUARTET,White,American Hustle,Criminal Minds,Drake,141,Rose-ringed parakeet
Michael,Brown,Michael.Brown@yahoo.com,Female,12/2/1988,Arlington Ave.,Thiès ,Senegal,555-425-2413,yahoo.com,Brownie,Skiing,Lapta,A HIGH WIND IN JAMAICA,Aero,X-Men:First Class,Survivor,Adele,100,Duck
Andrew,Parker,Andrew.Parker@charter.net,Female,8/10/1984,Ross Street,Wakkanai ,Japan,547-800-9817,charter.net,Pepperoni,Volunteer Work,Scootering,A HOUSE FOR MR BISWAS,Alice Blue,X-Men:First Class,Family Guy,Kanye West,124,Gerbil
Rian,Benton,Rian.Benton@yahoo.ca,Male,9/10/1982,Morton Street,Concepción ,Chile,500-546-0598,yahoo.ca,Ziti,Camping,Baton Twirling,THE DAY OF THE LOCUST,Brown,12 Years a Slave,Criminal Minds,Madonna,10,Snacke
Carol,Parker,Carol.Parker@earthlink.net,Male,2/6/1990,Highland Boulvard,Santa Cruz de Tenerife ,Spain,987-504-5807,earthlink.net,Pepperoni,Boating,Tennis,A FAREWELL TO ARMS,China Pink,Three Days to Kill,One Upon a Time,Lil Wayne,34,Pigeon
Sharon,Webb,Sharon.Webb@charter.net,Male,19/5/1996,Prospect Ave.,Palermo, Italy,520-684-0558,charter.net,dip,Exercise,Pole Climbing,SCOOP,Auburn,Monsers University,The Good Wife,Taylor Swift,73,White cockatoo
Dorothy,Perez,Dorothy.Perez@hotmail.co.uk,Female,21/12/1989,Nelson Ave.,Minsk ,Belarus,860-489-1579,hotmail.co.uk,Cupcake,Swimming,Baseball,THE PRIME OF MISS JEAN BRODIE,Alice Blue,Ride Along,Suits,Sam Smith,23,Gecko
Susan,Edwards,Susan.Edwards@yahoo.ca,Female,18/2/1991,Madison Street,Sfax ,Tunisia,860-042-9908,yahoo.ca,Candy apple,Dating Online,Lapta,FINNEGANS WAKE,Coffee,The Monuments Men,Vikings,Lady Gaga,66,Cattle
Scott,Wright,Scott.Wright@charter.net,Female,5/12/1970,Webster Ave.,Saint-Pierre ,France,547-685-9874,charter.net,Catfish,Gardening,Water Basketball,KIM,Coconut,"Crazy, Stupid, Love",27,""
Joshua,Harris,Joshua.Harris@bellsouth.net,Female,18/2/1991,Auburn Street,Ciudad Juárez ,Mexico,231-450-1015,bellsouth.net,Milkshake,Bicycling,Twenty20,A ROOM WITH A VIEW,Blond,Rise of an Empire,Parks and Recreation,Nicolas Carone,46,Bee
Thomas,Harris,Thomas.Harris@btinternet.com,Female,24/9/1980,Freedom Green Ave.,Piteå ,Sweden,452-504-9652,btinternet.com,Yogurt,Church Activities,Handball,BRIDESHEAD REVISITED,Amazon,RoboCop,The Bold and the Beautiful,Bruno Mars,131,Deer
Emily,Thomson,Emily.Thomson@yahoo.com,Male,23/12/1971,Garden Ave.,Sendai ,Japan,203-604-7821,yahoo.com,Soda,Cooking,Ice climbing,THE ADVENTURES OF AUGIE MARCH,Deer,The Unbelievers,NCIS:Los Angeles,Adele,86,Alpaca
John,Martin,John.Martin@gmail.com,Female,19/5/1973,Jackson Ave.,Mérida ,Mexico,860-254-147,gmail.com,Apple Juice,Writing,Wrestling,ANGLE OF REPOSE,Alice Blue,Rise of an Empire,Suits,Jennifer Lopez,38,Hamster
Thomas,Taylor,Thomas.Taylor@yahoo.co.in,Female,21/12/1989,Bay view Street,Palermo, Italy,542-653-3980,yahoo.co.in,Asian Noodle,Shopping,Kneeboarding,A BEND IN THE RIVER,Hezel,RoboCop,Breaking Bad,George Clooney,10,Fancy Mouse
Peter,Reed,Peter.Reed@hotmail.co.uk,Male,18/11/1976,Chester Ave.,Tornio ,Finland,800-104-8694,hotmail.co.uk,Clam,Theater,Pole Climbing,THE DEATH OF THE HEART,Pink,'We''re Millers',The Simpsons,Pablo Picasso,71,Rose-ringed parakeet
Charles,Simmons,Charles.Simmons@ntlworld.com,Male,9/4/1979,Cass Place,Guadalajara ,Mexico,205-145-4078,ntlworld.com,Dates,Family Time,British baseball,LORD JIM,Hezel,That Akward Moment,Coronation Street,Justin Bieber,119,Snacke
Nancy,Garcia,Nancy.Garcia@earthlink.net,Male,1/5/1975,Maple Ave.,Omdurman ,Sudan,987-504-5807,earthlink.net,Avocaso,Running,Snowboarding,RAGTIME,Cherry,American Hustle,Family Guy,Lady Gaga,125,Ringneck dove
Rian,Brown,Rian.Brown@aol.com,Male,10/11/1985,Stony Lane,Poços de Caldas ,Brazil,542-562-8719,aol.com,Balck beans,Playing Cards,Bucketball,THE OLD WIVES’ TALE,Copper,Three Days to Kill,The Vampire Diaries,Katy Perry,35,Poultry
David,Jackson,David.Jackson@shaw.ca,Male,18/6/1990,Madison Street,Eureka ,Canada,458-542-5623,shaw.ca,Barley,Reading,Slamball,THE CALL OF THE WILD,Purple,About Time,Hart of Dixie,Nicki Minaj,96,Yak
Jason,Wright,Jason.Wright@bellsouth.net,Female,18/11/1976,Nelson Ave.,McMurdo ,United States,458-542-5623,bellsouth.net,Zucchini,Exercise,Wrestling,LOVING,Amber,'We''re Millers',Game of Thrones,Celine Dion,137,hedgehog
Robert,Hall,Robert.Hall@hotmail.co.uk,Female,2/6/1990,Quay Road,Ljubljana ,Slovenia,124-542-5246,hotmail.co.uk,Moose,Gardening,T-ball,MIDNIGHT’S CHILDREN,Black bean,Marry Poppins,The 100,Elvis Presley,109,Chicken
Cynthia,Wallace,Cynthia.Wallace@charter.net,Male,12/1/1973,Oxford Walk,Khartoum ,Sudan,458-542-5623,charter.net,Chips,Hiking,Peteca,TOBACCO ROAD,Ceil,Rise of an Empire,Arrow,Madonna,13,Cattle
Christine,Webb,Christine.Webb@btinternet.com,Male,23/12/1971,Beverley Ave.,Comodoro Rivadavia ,Argentina,458-542-5623,btinternet.com,Beef,Watching Sports,Football tennis,IRONWEED,Almond,Rob the Mob,The Simpsons,Pablo Picasso,141,dog
Paul,White,Paul.White@bellsouth.net,Female,7/8/1994,Central Ave.,Manila ,Philippines,520-684-0558,bellsouth.net,Pork,Team Sports,Mountain unicycling,THE MAGUS,Ecru,About Last Night,Community,Eagles,101,Sheep
Brian,Sanchez,Brian.Sanchez@yahoo.com,Female,5/12/1970,Bay view Street,Portsmouth ,United Kingdom,124-542-5246,yahoo.com,Jelly,Golf,Scootering,WIDE SARGASSO SEA,Dark Blue,Moneyball,Friends,Luke Bryam,43,Pigeon
Edward,Simmons,Edward.Simmons@verizon.net,Male,5/17/1990,Beverley Ave.,Memphis ,United States,890-457-4783,verizon.net,Yogurt,Church Activities,Football tennis,UNDER THE NET,Black bean,About Last Night,'Grey''s Anatomy',Michael Jackson,47,Canary
Brian,Harris,Brian.Harris@yahoo.co.in,Female,12/1/1973,Varet Ave.,Riga ,Latvia,800-459-4599,yahoo.co.in,Asian Noodle,Going to Movies,Mountain unicycling,SOPHIE’S CHOICE,Almond,Endless LOVE,Glee,Madonna,40,Rose-ringed parakeet
Brian,Kelly,Brian.Kelly@cox.net,Male,5/17/1990,Billings Street,Bandar Seri Begawan ,Brunei,556-247-4400,cox.net,Asparagus,Dating Online,Mountain unicycling,THE SHELTERING SKY,Amber,Nebraska,NCIS:Los Angeles,Pablo Picasso,13,Pigeon
Donna,Edwards,Donna.Edwards@bellsouth.net,Male,19/5/1973,Freedom Green Ave.,Norrköping ,Sweden,800-104-8694,bellsouth.net,French fries,Motorcycling,Wireball,THE POSTMAN ALWAYS RINGS TWICE,Blue,Pitch Perfect,Friends,Angelina Jolie,23,Mouse
Joshua,Jones,Joshua.Jones@gmail.com,Female,28/10/1977,Bergen Street,Ljubljana ,Slovenia,456-057-8752,gmail.com,Malon,Playing Cards,Wrestling,THE GINGER MAN,Pink,The Croods,'Marvel''s Agents of S.H.I.E.L.D',Matt Damon,19,Pet
James,Taylor,James.Taylor@msn.com,Female,12/3/1988,Grand Street,Bandar Seri Begawan ,Brunei,860-042-9908,msn.com,Balck beans,Motorcycling,Keep Away,THE MAGNIFICENT AMBERSONS,Drab,Her,Person of Interest,Carrie Underwood,36,rat
Robert,Smith,Robert.Smith@ntlworld.com,Female,14/1/1973,Bond Ave.,Santiago ,Chile,456-125-4580,ntlworld.com,Ziti,Animal Care,Fistball,ATLAS SHRUGGED,Coffee,'She''s the Man',Revenge,Julia Roberts,41,Maltese puppy
Ashley,Thomas,Ashley.Thomas@hotmail.com,Female,21/12/1989,Nelson Ave.,Durango ,Mexico,456-052-1459,hotmail.com,Corn,Billiards,Streetball,THE FOUNTAINHEAD,Purple,Saving Mr. Banks,NCIS,Jay-Z,90,Gecko
Cynthia,Garcia,Cynthia.Garcia@shaw.ca,Male,10/5/1989,Madison Street,Taizhong ,Taiwan,458-105-5098,shaw.ca,Barley,Golf,Slamball,BATTLEFIELD EARTH,Pink,Marry Poppins,Scandal,Chris Brown,127,Gerbil
Michael,Harris,Michael.Harris@bellsouth.net,Female,18/9/1980,Arlington Ave.,Jerusalem ,Israel,500-546-0598,bellsouth.net,Malon,Volunteer Work,Scootering,THE LORD OF THE RINGS,Coconut,About Time,Hart of Dixie,Katy Perry,128,Mouse
Rebecca,White,Rebecca.White@msn.com,Male,18/9/1980,Samuel Lane,Jerusalem ,Israel,980-754-0489,msn.com,Eggs,Animal Care,Water Basketball,TO KILL A MOCKINGBIRD,Ecru,Last Vegas,Glee,Elvis Presley,133,Mouse
Larry,Baily,Larry.Baily@yahoo.com,Male,12/2/1988,Bay view Street,Kelowna ,Canada,860-215-5126,yahoo.com,Asparagus,Fishing,Windsurfing,1984,Ceil,'We''re Millers',The Vampire Diaries,Celine Dion,123,Alpaca
Robert,Perez,Robert.Perez@charter.net,Male,8/10/1984,Pacific Street,Hanoi ,Vietnam,556-247-4400,charter.net,Cookies,Motorcycling,Peteca,ANTHEM,Auburn,The Dark Knight Rises,Friends,Maya Deren,12,Gecko
Thomas,Shaw,Thomas.Shaw@comcast.com,Female,14/12/1970,Garden Ave.,Kismayo ,Somalia,458-542-5623,comcast.com,Milkshake,Fishing,Bucketball,WE THE LIVING,red,Side Effects,<odern Family,Vincent Van Gogh,49,Turtle
Rebecca,Johnson,Rebecca.Johnson@gmail.com,Female,14/11/1986,Ross Street,Volgograd ,Russia,208-895-4319,gmail.com,Candy apple,Listening to Music,Streetluge,MISSION EARTH,Blond,Finding Nemo,Sesame Street,Albert Alcalay,83,Turtle
Brian,Wilson,Brian.Wilson@shaw.ca,Male,8/10/1984,Ferry Street,Rome ,Italy,860-954-9923,shaw.ca,Toast,Fishing,Windsurfing,FEAR,Drab,Winter Tale,The Mentalist,Vincent Van Gogh,23,Maine Coon Kitten
Gary,Harris,Gary.Harris@cox.net,Female,20/12/1985,Lake street,Grande Prairie ,Canada,980-754-0489,cox.net,Cake,Watching TV,Keep Away,ULYSSES,red,Planes,The Originals,Bruno Mars,118,Newt
Betty,Young,Betty.Young@comcast.com,Male,2/1/1990,Garden Ave.,Florence ,Italy,840-754-4589,comcast.com,Dates,Boating,Lapta,CATCH-22,Coconut,Willow Creek,Falling Skies,Elton John,18,Yak
Michelle,Lewis,Michelle.Lewis@ntlworld.com,Female,21/12/1989,Arkansas Drive,Taizhong ,Taiwan,860-489-1579,ntlworld.com,Mushroom,Listening to Music,Ice climbing,THE GREAT GATSBY,Blond,'She''s the Man',Vikings,Justin Timberlake,61,Mouse
Lisa,Sanchez,Lisa.Sanchez@shaw.ca,Male,13/5/1974,School Lane,Medan ,Indonesia,860-489-1579,shaw.ca,Malon,Hunting,Wiffball,DUNE,Antique Bradd,Magic Mike,Grimm,Kanye West,90,Gerbil
Justin,Wallace,Justin.Wallace@cox.net,Female,20/12/1985,Stony Lane,Gdańsk ,Poland,208-465-4513,cox.net,Bagel,Watching Sports,Surfing,THE MOON IS A HARSH MISTRESS,Blueberry,The Croods,The Good Wife,50 cent,63,Lizard
Jack,Simmons,Jack.Simmons@ntlworld.com,Female,18/11/1976,Noble Street,Concepción ,Chile,987-504-5807,ntlworld.com,Corn,Hiking,Gliding,STRANGER IN A STRANGE LAND,Cyan,Side Effects,The Bold and the Beautiful,Drake,130,Zebu
Linda,Shaw,Linda.Shaw@ntlworld.com,Female,10/11/1985,Eagle Street,Mendoza ,Argentina,208-895-4319,ntlworld.com,Candy apple,Horseback Riding,Windsurfing,A TOWN LIKE ALICE,Blond,Dumb and Dumber,Falling Skies,Angelina Jolie,60,Hermit crab
Robert,Benton,Robert.Benton@yahoo.com,Female,10/10/1982,Cass Place,Poços de Caldas ,Brazil,555-425-2413,yahoo.com,Asparagus,Housework,Slamball,BRAVE NEW WORLD,Dirt,Endless LOVE,The Simpsons,Vincent Van Gogh,12,Snail
Lisa,Baily,Lisa.Baily@msn.com,Female,2/7/1981,Ocean Ave.,Port Hedland ,Australia,860-215-5126,msn.com,Asparagus,Hunting,Football tennis,THE CATCHER IN THE RYE,Yellow,White House Down,Survivor,kenny Chesney,39,Maine Coon Kitten
Scott,Thomson,Scott.Thomson@rediffmail.com,Female,4/8/1987,York Street,Comodoro Rivadavia ,Argentina,231-450-1015,rediffmail.com,Pork,Family Time,Deaf basketball,ANIMAL FARM,Ceil,Rise of an Empire,Pretty Little Liars,Pink Floyd,94,Gerbil
Nicole,Shaw,Nicole.Shaw@hotmail.com,Female,8/8/1973,Madison Street,Manila ,Philippines,800-459-4599,hotmail.com,Soda,Painting,T-ball,GRAVITY’S RAINBOW,Drab,American Hustle,Castle,Jennifer Lopez,94,Mouse
Robert,Wilson,Robert.Wilson@yahoo.ca,Male,12/3/1988,Pacific Street,Bujumbura ,Burundi,860-954-9923,yahoo.ca,Mushroom,Entertaining,Slamball,THE GRAPES OF WRATH,Ecru,Philomena,Black Sails,Maya Deren,145,Fish
Donna,Taylor,Donna.Taylor@rediffmail.com,Female,18/2/1991,State Street,Quito ,Ecuador,542-205-5089,rediffmail.com,Broccoli,Traveling,Sipa,SLAUGHTERHOUSE FIVE,Blue,Winter Tale,Criminal Minds,Banksy,134,Horse
Carol,Young,Carol.Young@shaw.ca,Male,10/10/1982,School Lane,Rome ,Italy,789-840-4026,shaw.ca,Catfish,Painting,Twenty20,GONE WITH THE WIND,Amber,Lone Survivor,Pretty Little Liars,Adele,49,Duck
Rebecca,Benton,Rebecca.Benton@earthlink.net,Male,10/11/1985,York Street,Punta Arenas ,Chile,800-778-4050,earthlink.net,Bagel,Church Activities,Streetball,LORD OF THE FLIES,Avocado,"Crazy, Stupid, Love",89,Moose
Susan,Young,Susan.Young@yahoo.com,Female,21/3/1984,Amherst Street,João Pessoa ,Brazil,547-685-9874,yahoo.com,Yogurt,Golf,Tennis,SHANE,Almond,The Dark Knight Rises,Hart of Dixie,Lady Gaga,131,Frog
Gary,Webb,Gary.Webb@comcast.com,Female,12/3/1988,Foster Drive,Thiès ,Senegal,208-465-4513,comcast.com,Lobster,Volunteer Work,Wrestling,TRUSTEE FROM THE TOOLROOM,Dark Blue,Finding Nemo,Supernatural,Lana Del Rey,3,Duck
Frank,Kim,Frank.Kim@yahoo.ca,Female,14/12/1970,Ocean Ave.,Iqaluit ,Canada,547-685-9874,yahoo.ca,BBQ,Hunting,Bucketball,A PRAYER FOR OWEN MEANY,Black,Froze,Bones,Matt Damon,47,Pet
Jack,Davis,Jack.Davis@bellsouth.net,Male,21/12/1989,Bond Ave.,Durango ,Mexico,203-604-7821,bellsouth.net,Cheese,Boating,Air racing,THE STAND,Ash Grey,Saving Mr. Banks,The Good Wife,Brad Pitt,136,Horse
Nicole,carter,Nicole.carter@cox.net,Female,13/7/1970,Apollo Street,Guadalajara ,Mexico,800-125-1247,cox.net,Clam,Relaxing,Snowboarding,THE FRENCH LIEUTENANT’S WOMAN,Blond,August:Ostage County,'Grey''s Anatomy',Ariana Grande,107,Snacke
John,Edwards,John.Edwards@msn.com,Female,25/8/1990,Samuel Lane,Baltimore ,United States,542-653-3980,msn.com,Bagel,Socializing,Test Cricket,BELOVED,Bistro,About Last Night,How I Met Your Mother,Justin Timberlake,149,""
Scott,Lee,Scott.Lee@yahoo.co.uk,Female,14/1/1973,Amherst Street,Mafikeng ,South Africa,789-840-4026,yahoo.co.uk,Lobster,Entertaining,Streetluge,THE WORM OUROBOROS,Orange,The Pretty One,Vikings,Michael Jackson,74,Livestock
Sandra,Parker,Sandra.Parker@yahoo.co.in,Female,13/7/1970,Polar Ave.,Iqaluit ,Canada,510-105-4509,yahoo.co.in,Cheese,Housework,British baseball,THE SOUND AND THE FURY,Apricot,The Nut Job,The 100,Ariana Grande,102,Turtle
Ashley,Young,Ashley.Young@verizon.net,Male,29/5/1990,Garden Ave.,Kelowna ,Canada,549-980-9118,verizon.net,Macaroni,Housework,Ice climbing,LOLITA,Copper,"Crazy, Stupid, Love",34,Dog
Sandra,Gomez,Sandra.Gomez@earthlink.net,Male,4/8/1987,Hall Ave.,La Paz ,Bolivia,203-542-5574,earthlink.net,Toast,Family Time,Wrestling,MOONHEART,Ball Blue,Moneyball,Person of Interest,Mariah Carey,127,dog
Benjamin,Bell,Benjamin.Bell@hotmail.co.uk,Male,5/12/1970,Walker Court,Bishkek ,Kyrgyzstan,208-465-4513,hotmail.co.uk,Chocolate,Walking,Skimboarding,"ABSALOM, ABSALOM!",Apricot,Moneyball,Regin,99,Gecko
Nicole,Cooper,Nicole.Cooper@aol.com,Female,5/17/1990,Walker Court,Pune ,India,542-689-9832,aol.com,Milk,Playing Cards,Football tennis,OF HUMAN BONDAGE,Blue,Dumb and Dumber,The Wire,Adele,102,""
Gary,Ramos,Gary.Ramos@rediffmail.com,Female,2/7/1981,York Street,Lusaka ,Zambia,860-489-1579,rediffmail.com,Milk,Watching Sports,Netball,WISE BLOOD,Coconut,The Dark Knight Rises,Grimm,Jennifer Lopez,92,Rose-ringed parakeet
Scott,carter,Scott.carter@earthlink.net,Female,9/4/1979,Beach Place Ave.,Tainan ,Taiwan,500-546-0598,earthlink.net,Clam,Camping,Wireball,UNDER THE VOLCANO,Carmine,X-Men:First Class,NCIS,Madonna,67,Mantis
Robert,Ramos,Robert.Ramos@hotmail.com,Female,20/3/1989,Quay Road,Tottori ,Japan,510-105-4509,hotmail.com,BBQ,Beach,Beach Basketball,FIFTH BUSINESS,Black,Last Vegas,Sesame Street,Taylor Swift,78,Fancy Mouse
Lina,Taylor,Lina.Taylor@yahoo.co.uk,Male,18/9/1980,Foster Drive,Concepción ,Chile,456-057-8752,yahoo.co.uk,Chocolate,Computer,Bucketball,SOMEPLACE TO BE FLYING,Black bean,'Time''s Vermeer',The Blacklist,Lady Gaga,102,Cattle
Charles,Sanchez,Charles.Sanchez@yahoo.co.uk,Female,23/12/1971,Surf Ave.,Mendoza ,Argentina,860-598-4566,yahoo.co.uk,Cookies,Working on Cars,Wrestling,ON THE ROAD,Black Olive,Froze,One Upon a Time,Elton John,72,Frog
Karen,Gomez,Karen.Gomez@verizon.net,Female,23/12/1971,Hill Street,Monterrey ,Mexico,203-604-7821,verizon.net,Cake,Shopping,Baseball,HEART OF DARKNESS,Black,Froze,Salem,Jay-Z,91,Pigeon
Jose,Young,Jose.Young@yahoo.co.in,Female,28/10/1977,Prospect Ave.,Chiba ,Japan,542-875-9099,yahoo.co.in,Gumbo,Listening to Music,Deaf basketball,YARROW,Ecru,Side Effects,Hart of Dixie,Brad Pitt,57,Duck
Jack,Parker,Jack.Parker@verizon.net,Male,28/7/1983,Estate Road,Sudbury ,Canada,750-456-4052,verizon.net,Waffle,Animal Care,Fastnet,AT THE MOUNTAINS OF MADNESS,Hezel,The Unbelievers,The Bold and the Beautiful,Eminem,20,Ringneck dove
Scott,Baily,Scott.Baily@charter.net,Male,20/3/1989,Ross Street,Kelowna ,Canada,860-954-9923,charter.net,Macaroni,Socializing,Bucketball,ONE LONELY NIGHT,Yellow,Willow Creek,Friends,Celine Dion,135,Turtle
Lina,Kelly,Lina.Kelly@bellsouth.net,Male,9/10/1982,Garden Ave.,Kristiansand ,Norway,456-052-1459,bellsouth.net,Barley,Volunteer Work,Vigoro,MEMORY AND DREAM,Copper,Moneyball,Bones,Celine Dion,54,Pet
Brian,White,Brian.White@cox.net,Male,2/7/1981,Forrest Street,Bishkek ,Kyrgyzstan,556-247-4400,cox.net,Cashew,Boating,Wheelchair Basketball,TO THE LIGHTHOUSE,Gray,Willow Creek,NCIS,50 cent,92,Fancy Mouse
Carol,Wright,Carol.Wright@hotmail.com,Male,11/5/1991,Maple Ave.,Saint-Pierre ,France,205-145-4078,hotmail.com,Lamb,Camping,Streetluge,THE MOVIEGOER,Dark Blue,The Unbelievers,Parks and Recreation,Maya Deren,41,Zebu
Charles,Martin,Charles.Martin@shaw.ca,Female,29/5/1990,Central Ave.,Hanoi ,Vietnam,547-800-9817,shaw.ca,Mushroom,Billiards,Baton Twirling,TRADER,Yellow,The LEGO Movie,Vikings,Celine Dion,6,Maltese puppy
Rian,Thomas,Rian.Thomas@gmail.com,Male,9/4/1979,Estate Road,La Paz ,Bolivia,890-457-4783,gmail.com,Tea,Eating Out,British baseball,THE HEART IS A LONELY HUNTER,Bistro,Winter Tale,Castle,Lana Del Rey,78,Guppy
Brian,Smith,Brian.Smith@cox.net,Male,14/12/1970,Arion Street,Halifax ,Canada,549-980-9118,cox.net,Ice cream,Walking,Fastnet,THE HANDMAID’S TALE,Blueberry,Brave,The Mentalist,Taylor Swift,41,Pigeon
Mary,Kim,Mary.Kim@verizon.net,Male,2/1/1990,Noble Street,Bishkek ,Kyrgyzstan,556-247-4400,verizon.net,Carrot,Renting Movies,Pole Climbing,BLOOD MERIDIAN,Cyan,'She''s the Man',The Walking Dead,Lil Wayne,132,Fish
Carol,Cooper,Carol.Cooper@ntlworld.com,Male,18/2/1991,Vernon Ave.,Ljubljana ,Slovenia,458-542-5623,ntlworld.com,Hash Brown,Watching TV,Fastnet,A CLOCKWORK ORANGE,Blush,12 Years a Slave,Revenge,Katy Perry,110,Maltese puppy
Sharon,Jones,Sharon.Jones@earthlink.net,Male,9/1/1977,Brown Street,Sendai ,Japan,456-420-4087,earthlink.net,Clam,Horseback Riding,Valleyball,ON THE BEACH,Pink,American Hustle,Supernatural,Lady Gaga,74,Snail
Laura,Garcia,Laura.Garcia@sbcglobal.net,Female,2/7/1981,Noble Street,Kismayo ,Somalia,556-247-4400,sbcglobal.net,Bagel,Working on Cars,Matball,A PORTRAIT OF THE ARTIST AS A YOUNG MAN,Copper,Tangled,'Grey''s Anatomy',Madonna,144,Quail
Nicole,Harris,Nicole.Harris@comcast.com,Female,10/11/1985,Prospect Ave.,Chiba ,Japan,542-653-3980,comcast.com,Soda,Billiards,Skysurfing,GREENMANTLE,Denim,Philomena,Criminal Minds,Julia Roberts,125,Gecko
Thomas,Allen,Thomas.Allen@verizon.net,Female,8/10/1984,Prospect Ave.,Tornio ,Finland,208-465-4513,verizon.net,Malon,Eating Out,Aerobatics,ENDER’S GAME,Alice Blue,12 Years a Slave,Sesame Street,Michael Jackson,140,Turtle
James,Benton,James.Benton@comcast.com,Female,18/9/1986,Freedom Green Ave.,Baltimore ,United States,860-214-5755,comcast.com,Cereal,Traveling,Handball,THE LITTLE COUNTRY,Yellow,Tangled,Mad Men,Vincent Van Gogh,90,Duck
Cynthia,Williams,Cynthia.Williams@comcast.com,Male,6/11/1984,Polar Ave.,Monterrey ,Mexico,860-042-9908,comcast.com,Honey,Renting Movies,Matball,THE RECOGNITIONS,Copper,The Unbelievers,The Bold and the Beautiful,Elvis Presley,2,Quail
Joshua,Gomez,Joshua.Gomez@verizon.net,Male,13/5/1974,Polar Ave.,Minsk ,Belarus,860-598-4566,verizon.net,Asian Noodle,Skiing,Twenty20,STARSHIP TROOPERS,Dark Blue,Monsers University,Person of Interest,Albert Alcalay,101,Cattle
David,Ford,David.Ford@yahoo.com,Female,13/7/1970,Blake Street,Taizhong ,Taiwan,980-754-0489,yahoo.com,Apple,Team Sports,Matball,THE SUN ALSO RISES,Black,X-Men:First Class,The Wire,Pablo Picasso,75,Cat
Larry,Sanchez,Larry.Sanchez@yahoo.co.in,Female,9/1/1977,Samuel Lane,Chuí ,Brazil,800-125-1247,yahoo.co.in,Candy apple,Crafts,Fistball,THE WORLD ACCORDING TO GARP,Carmine,Capital,Castle,Justin Bieber,112,Java Sparrow
Benjamin,Lopez,Benjamin.Lopez@rediffmail.com,Female,25/8/1990,Freedom Green Ave.,Boulder ,United States,800-104-8694,rediffmail.com,Eggs,Dancing,Wheelchair Basketball,SOMETHING WICKED THIS WAY COMES,Orange,Three Days to Kill,The Blacklist,Mariah Carey,60,Pet
Ashley,Kelly,Ashley.Kelly@sbcglobal.net,Female,5/17/1990,Ocean Ave.,Mendoza ,Argentina,800-125-1247,sbcglobal.net,Soda,Housework,Surfing,THE HAUNTING OF HILL HOUSE,Colar,The Dark Knight Rises,'Grey''s Anatomy',Rihanna,44,White cockatoo
Paul,Kelly,Paul.Kelly@yahoo.co.in,Male,11/5/1991,Bergen Street,Inverness ,United Kingdom,860-489-1579,yahoo.co.in,Bagel,Computer,Pole Climbing,AS I LAY DYING,Carmine,Moneyball,The Americans,Angelina Jolie,82,Lizard
Jack,Lee,Jack.Lee@cox.net,Male,18/11/1976,Pacific Street,Chiba ,Japan,555-425-2413,cox.net,BBQ,Dancing,Fastnet,INVISIBLE MAN,Ball Blue,The Dark Knight Rises,Hannibal,Adele,24,Mantis
Jason,Lee,Jason.Lee@yahoo.ca,Female,18/11/1976,Noble Street,Beijing ,China,547-685-9874,yahoo.ca,Spagetti,Animal Care,Netball,THE WOOD WIFE,Amber,'We''re Millers',The Simpsons,Nicolas Carone,116,Mouse
Mary,Ward,Mary.Ward@btinternet.com,Female,9/1/1977,Lake street,Norrköping ,Sweden,231-450-1015,btinternet.com,Avocaso,Bicycling,Streetluge,THE MAGUS,Dark Blue,August:Ostage County,The Mentalist,Bruno Mars,12,White cockatoo
Jose,Parker,Jose.Parker@yahoo.co.in,Male,9/4/1979,Pacific Street,Shigatse ,China,750-456-4052,yahoo.co.in,Milk,Camping,Valleyball,THE DOOR INTO SUMMER,Blond,The Nut Job,Arrow,Elvis Presley,27,Livestock
Gary,Lopez,Gary.Lopez@yahoo.ca,Male,11/5/1991,Lake street,Ashgabat ,Turkmenistan,800-104-8694,yahoo.ca,Catfish,Computer,Baseball,ZEN AND THE ART OF MOTORCYCLE MAINTENANCE,Dirt,Willow Creek,The Walking Dead,kenny Chesney,127,Snacke
Sharon,Hall,Sharon.Hall@yahoo.com,Male,14/1/1973,Webster Ave.,Jeddah ,Saudi Arabia,510-105-4509,yahoo.com,Eggs,Hunting,Skateboarding,"I, CLAUDIUS",Bistro,The LEGO Movie,Mad Men,134,Ringneck dove
Sharon,Michell,Sharon.Michell@shaw.ca,Male,2/9/1969,Cherry Street,Adak ,United States,789-840-4026,shaw.ca,Beer,Shopping,Rock Climbing,THE CALL OF THE WILD,Brown,Last Vegas,The Following,Bruno Mars,67,Maine Coon Kitten
Lisa,Lopez,Lisa.Lopez@shaw.ca,Male,4/8/1987,Irvine Street,Amritsar ,India,845-251-1004,shaw.ca,Mushroom,Tennis,British baseball,AT SWIM-TWO-BIRDS,Copper,Willow Creek,The Mentalist,Eminem,118,Hamster
Helen,Michell,Helen.Michell@aol.com,Male,4/3/1988,Polar Ave.,Lusaka ,Zambia,860-214-5755,aol.com,Cereal,Housework,Skateboarding,FARENHEIT 451,Dark Blue,Dumb and Dumber,Vikings,Nicki Minaj,137,Gecko
Nicole,Wilson,Nicole.Wilson@gmail.com,Male,10/11/1985,Freedom Green Ave.,'Sana''a ',Yemen,549-980-9118,gmail.com,Eggroll,Swimming,Model aircraft,ARROWSMITH,Denim,Marry Poppins,Hart of Dixie,Elton John,84,Maltese puppy
Scott,Thomas,Scott.Thomas@hotmail.com,Male,5/17/1990,Ocean Ave.,Wakkanai ,Japan,840-754-4589,hotmail.com,Carrot,Renting Movies,Valleyball,WATERSHIP DOWN,Blond,'Time''s Vermeer',Bones,Paul McCartney,115,dog
Gary,Kim,Gary.Kim@hotmail.co.uk,Female,20/12/1985,Arlington Ave.,Poços de Caldas ,Brazil,542-653-3980,hotmail.co.uk,Mushroom,Hunting,Football tennis,NAKED LUNCH,Light brown,RoboCop,Arrow,Jay-Z,80,Yak
Charles,Gomez,Charles.Gomez@verizon.net,Female,21/12/1989,Highland Boulvard,Norrköping ,Sweden,800-104-8694,verizon.net,Asian Noodle,Dating Online,Sipa,THE HUNT FOR RED OCTOBER,Ball Blue,Moneyball,The Bold and the Beautiful,Justin Timberlake,110,Mantis
Sandra,Parker,Sandra.Parker@charter.net,Female,13/7/1970,Vernon Ave.,Concepción ,Chile,860-598-4566,charter.net,Asparagus,Tennis,Curving,GUILTY PLEASURES,Green,The Wolf of Wall Street,Mad Men,Chris Brown,138,Mouse
Sandra,Reed,Sandra.Reed@yahoo.com,Female,10/10/1982,Hill Street,Lusaka ,Zambia,800-778-4050,yahoo.com,Apple Juice,Running,Windsurfing,THE PUPPET MASTERS,Black,Nebraska,NCIS:Los Angeles,George Clooney,27,Gecko
Cynthia,Perez,Cynthia.Perez@cox.net,Female,5/12/1970,Apollo Street,Arequipa ,Peru,556-247-4400,cox.net,Candy apple,Swimming,Skateboarding,IT,Ball Blue,The Wolf of Wall Street,Regin,Taylor Swift,145,hedgehog
Jose,Parker,Jose.Parker@earthlink.net,Female,12/3/1988,Noble Street,Concepción ,Chile,980-754-0489,earthlink.net,Carrot,Dancing,Fastnet,V.,Carmine,Nebraska,Falling Skies,Paul McCartney,54,Rose-ringed parakeet
Michelle,Miller,Michelle.Miller@yahoo.co.uk,Female,13/5/1974,Arion Street,Gdańsk ,Poland,840-754-4589,yahoo.co.uk,Clam,Volunteer Work,Air racing,DOUBLE STAR,Ash Grey,The Dark Knight Rises,Grimm,Matt Damon,127,Fish
Michelle,Wilson,Michelle.Wilson@ntlworld.com,Female,2/9/1969,Barlette Ave.,Pune ,India,980-754-0489,ntlworld.com,Cake,Dancing,Gliding,CITIZEN OF THE GALAXY,Orange,Rise of an Empire,The big Banh Theory,Jennifer Lopez,66,Ringneck dove
Robert,Robinson,Robert.Robinson@gmail.com,Male,14/12/1970,Freedom Green Ave.,Swansea ,United Kingdom,555-425-2413,gmail.com,Eggs,Motorcycling,Keep Away,BRIDESHEAD REVISITED,Ball Blue,That Akward Moment,The Following,Maya Deren,111,Dog
Ryan,White,Ryan.White@hotmail.com,Male,6/11/1984,Garden Ave.,Baltimore ,United States,520-684-0558,hotmail.com,Bread,Animal Care,Skateboarding,LIGHT IN AUGUST,Colar,'Time''s Vermeer',Criminal Minds,Drake,98,Guppy
Justin,Kim,Justin.Kim@bellsouth.net,Male,24/9/1980,King Street,Nicosia ,Cyprus,456-125-4580,bellsouth.net,Balck beans,Housework,Handball,ONE FLEW OVER THE CUCKOO’S NEST,Black,'Burt''s Buzz',The Wire,Elton John,120,rat
Susan,Lewis,Susan.Lewis@btinternet.com,Male,13/5/1974,Billings Street,Concepción ,Chile,231-450-1015,btinternet.com,Avocaso,Going to Movies,Vigoro,A FAREWELL TO ARMS,Pink,The LEGO Movie,The Americans,Jason Aldean,32,Fish
Mary,Bell,Mary.Bell@hotmail.com,Male,4/8/1987,Dunne Ave.,Beijing ,China,456-125-4580,hotmail.com,Corn,Listening to Music,Aerobatics,THE SHELTERING SKY,Carmine,Ride Along,Salem,Elton John,80,Chicken
Christine,Taylor,Christine.Taylor@sbcglobal.net,Male,11/1/1989,Campuse Road,Kelowna ,Canada,845-251-1004,sbcglobal.net,Coffee,Socializing,Netball,SOMETIMES A GREAT NOTION,Bistro,Ride Along,The Walking Dead,Kanye West,150,Frog
Emily,Michell,Emily.Michell@cox.net,Male,11/5/1991,Apollo Street,Sobral ,Brazil,510-105-4509,cox.net,Ice cream,Socializing,Mountain unicycling,MY ANTONIA,Copper,Magic Mike,NCIS:Los Angeles,Taylor Swift,44,Mouse
Susan,Sanchez,Susan.Sanchez@sbcglobal.net,Female,4/3/1988,Beach Place Ave.,São José dos Campos ,Brazil,750-456-4052,sbcglobal.net,Cupcake,Tennis,Pole Climbing,MULENGRO,Green,Planes,'Marvel''s Agents of S.H.I.E.L.D',Bruno Mars,81,Mantis
Thomas,Kelly,Thomas.Kelly@earthlink.net,Male,5/12/1970,Samuel Lane,Chuí ,Brazil,203-604-7821,earthlink.net,Spagetti,Going to Movies,Netball,SUTTREE,Green,August:Ostage County,The Bold and the Beautiful,Ariana Grande,61,Fish
Nicole,carter,Nicole.carter@btinternet.com,Male,8/10/1984,Prospect Ave.,Monterrey ,Mexico,845-251-1004,btinternet.com,Eggs,Team Sports,Bucketball,MYTHAGO WOOD,Ball Blue,Rise of an Empire,The Bold and the Beautiful,50 cent,73,Pigeon
Susan,Hall,Susan.Hall@earthlink.net,Male,6/11/1984,Cherry Street,Fairbanks ,United States,556-247-4400,earthlink.net,dip,Working on Cars,Beach Basketball,ILLUSIONS,Almond,Philomena,Game of Thrones,Lil Wayne,81,Gerbil
Carol,Cooper,Carol.Cooper@yahoo.co.in,Female,19/5/1996,Bay Street,Tornio ,Finland,860-215-5126,yahoo.co.in,Sushi,Dating Online,Wireball,THE SATANIC VERSES,Black,Tangled,Survivor,Madonna,112,Sheep
Charles,Webb,Charles.Webb@ntlworld.com,Female,1/1/1980,Oxford Walk,'St. John''s ',Antigua and Barbuda,547-800-9817,ntlworld.com,Chicken,Volunteer Work,Gliding,BRIDESHEAD REVISITED,Dirt,Three Days to Kill,Black Sails,Pablo Picasso,4,Crciket
Lina,Thomson,Lina.Thomson@rediffmail.com,Female,9/4/1979,Campuse Road,Toulouse ,France,208-895-4319,rediffmail.com,Bagel,Exercise,Peteca,GREENMANTLE,Green,Monsers University,The Vampire Diaries,Sam Smith,37,Mantis
Mary,Smith,Mary.Smith@yahoo.co.in,Female,18/9/1980,Forrest Street,Sobral ,Brazil,840-754-4589,yahoo.co.in,Yogurt,Listening to Music,Sipa,ANIMAL FARM,Denim,Side Effects,The Following,Katy Perry,5,Rabbit
Dorothy,Perez,Dorothy.Perez@gmail.com,Male,12/12/1974,Bergen Street,Durango ,Mexico,860-254-147,gmail.com,Ham,Cooking,Bucketball,CATCH-22,Avocado,Moneyball,Friends,George Clooney,139,Donkey
